{
  "model_name": "CVQBoost",
  "training_time_seconds": 7.189482927322388,
  "fpr": [
    0.0,
    0.0,
    0.0,
    0.0,
    0.0,
    0.004830917874396135,
    0.004830917874396135,
    0.00966183574879227,
    0.00966183574879227,
    0.00966183574879227,
    0.014492753623188406,
    0.014492753623188406,
    0.01932367149758454,
    0.01932367149758454,
    0.01932367149758454,
    0.01932367149758454,
    0.024154589371980676,
    0.033816425120772944,
    0.03864734299516908,
    0.03864734299516908,
    0.03864734299516908,
    0.03864734299516908,
    0.04830917874396135,
    0.04830917874396135,
    0.05314009661835749,
    0.057971014492753624,
    0.057971014492753624,
    0.057971014492753624,
    0.057971014492753624,
    0.06280193236714976,
    0.06280193236714976,
    0.06763285024154589,
    0.07246376811594203,
    0.07729468599033816,
    0.07729468599033816,
    0.0821256038647343,
    0.08695652173913043,
    0.09178743961352658,
    0.0966183574879227,
    0.0966183574879227,
    0.0966183574879227,
    0.10628019323671498,
    0.1111111111111111,
    0.12077294685990338,
    0.12077294685990338,
    0.12077294685990338,
    0.12560386473429952,
    0.12560386473429952,
    0.14009661835748793,
    0.15458937198067632,
    0.15458937198067632,
    0.1642512077294686,
    0.1642512077294686,
    0.1642512077294686,
    0.17391304347826086,
    0.178743961352657,
    0.18357487922705315,
    0.18357487922705315,
    0.18840579710144928,
    0.1932367149758454,
    0.19806763285024154,
    0.2028985507246377,
    0.24154589371980675,
    0.2753623188405797,
    0.28019323671497587,
    0.28019323671497587,
    0.2898550724637681,
    0.2898550724637681,
    0.2946859903381642,
    0.2946859903381642,
    0.2995169082125604,
    0.30917874396135264,
    0.30917874396135264,
    0.3140096618357488,
    0.3140096618357488,
    0.3188405797101449,
    0.3188405797101449,
    0.3285024154589372,
    0.34299516908212563,
    0.3526570048309179,
    0.357487922705314,
    0.3671497584541063,
    0.3961352657004831,
    0.41545893719806765,
    0.42028985507246375,
    0.42028985507246375,
    0.43478260869565216,
    0.4396135265700483,
    0.4444444444444444,
    0.4444444444444444,
    0.4492753623188406,
    0.4492753623188406,
    0.45893719806763283,
    0.463768115942029,
    0.46859903381642515,
    0.46859903381642515,
    0.47342995169082125,
    0.4927536231884058,
    0.4927536231884058,
    0.5120772946859904,
    0.5217391304347826,
    0.5314009661835749,
    0.5458937198067633,
    0.5555555555555556,
    0.5700483091787439,
    0.6086956521739131,
    0.6135265700483091,
    0.642512077294686,
    0.6473429951690821,
    0.6521739130434783,
    0.6570048309178744,
    0.6811594202898551,
    0.6908212560386473,
    0.6956521739130435,
    0.6956521739130435,
    0.7053140096618358,
    0.7053140096618358,
    0.714975845410628,
    0.7246376811594203,
    0.7632850241545893,
    0.8164251207729468,
    0.821256038647343,
    0.821256038647343,
    0.8405797101449275,
    0.8599033816425121,
    0.8647342995169082,
    0.8743961352657005,
    0.9130434782608695,
    0.9323671497584541,
    0.9420289855072463,
    0.961352657004831,
    0.9758454106280193,
    0.9855072463768116,
    1.0
  ],
  "tpr": [
    0.0,
    0.0056179775280898875,
    0.016853932584269662,
    0.028089887640449437,
    0.0449438202247191,
    0.05056179775280899,
    0.056179775280898875,
    0.06179775280898876,
    0.07865168539325842,
    0.08426966292134831,
    0.08426966292134831,
    0.0898876404494382,
    0.09550561797752809,
    0.11797752808988764,
    0.1404494382022472,
    0.15168539325842698,
    0.15168539325842698,
    0.15168539325842698,
    0.15730337078651685,
    0.16853932584269662,
    0.17415730337078653,
    0.19662921348314608,
    0.20786516853932585,
    0.21348314606741572,
    0.21910112359550563,
    0.24157303370786518,
    0.2640449438202247,
    0.2752808988764045,
    0.2808988764044944,
    0.28651685393258425,
    0.3089887640449438,
    0.3258426966292135,
    0.34831460674157305,
    0.34831460674157305,
    0.3539325842696629,
    0.3539325842696629,
    0.3595505617977528,
    0.3595505617977528,
    0.3707865168539326,
    0.38764044943820225,
    0.4044943820224719,
    0.43820224719101125,
    0.4438202247191011,
    0.449438202247191,
    0.4550561797752809,
    0.46629213483146065,
    0.46629213483146065,
    0.47191011235955055,
    0.5168539325842697,
    0.5337078651685393,
    0.550561797752809,
    0.550561797752809,
    0.5730337078651685,
    0.5955056179775281,
    0.6235955056179775,
    0.6235955056179775,
    0.6292134831460674,
    0.6348314606741573,
    0.6573033707865169,
    0.6685393258426966,
    0.6685393258426966,
    0.6741573033707865,
    0.702247191011236,
    0.7134831460674157,
    0.7191011235955056,
    0.7303370786516854,
    0.7359550561797753,
    0.7471910112359551,
    0.7471910112359551,
    0.7584269662921348,
    0.7696629213483146,
    0.7752808988764045,
    0.8033707865168539,
    0.8033707865168539,
    0.8202247191011236,
    0.8258426966292135,
    0.8314606741573034,
    0.8314606741573034,
    0.8314606741573034,
    0.8314606741573034,
    0.8314606741573034,
    0.8314606741573034,
    0.8314606741573034,
    0.8314606741573034,
    0.8314606741573034,
    0.8539325842696629,
    0.8595505617977528,
    0.8651685393258427,
    0.8651685393258427,
    0.8764044943820225,
    0.8764044943820225,
    0.8820224719101124,
    0.8876404494382022,
    0.8876404494382022,
    0.898876404494382,
    0.9044943820224719,
    0.9269662921348315,
    0.9438202247191011,
    0.9550561797752809,
    0.9550561797752809,
    0.9550561797752809,
    0.9550561797752809,
    0.9550561797752809,
    0.9550561797752809,
    0.9550561797752809,
    0.9550561797752809,
    0.9606741573033708,
    0.9662921348314607,
    0.9662921348314607,
    0.9719101123595506,
    0.9719101123595506,
    0.9719101123595506,
    0.9719101123595506,
    0.9719101123595506,
    0.9775280898876404,
    0.9775280898876404,
    0.9831460674157303,
    0.9831460674157303,
    0.9831460674157303,
    0.9887640449438202,
    0.9943820224719101,
    0.9943820224719101,
    1.0,
    1.0,
    1.0,
    1.0,
    1.0,
    1.0,
    1.0,
    1.0,
    1.0,
    1.0,
    1.0,
    1.0
  ],
  "auc": 0.8095451338001411,
  "log_loss": 0.5447224378585815,
  "train_metrics": {
    "split": "train",
    "precision": 0.6893939393939394,
    "recall": 0.8550335570469799,
    "f1": 0.763331336129419,
    "accuracy": 0.7431729518855656,
    "confusion_matrix": [
      [
        506,
        287
      ],
      [
        108,
        637
      ]
    ]
  },
  "test_metrics": {
    "split": "test",
    "precision": 0.6915887850467289,
    "recall": 0.8314606741573034,
    "f1": 0.7551020408163265,
    "accuracy": 0.7506493506493507,
    "confusion_matrix": [
      [
        141,
        66
      ],
      [
        30,
        148
      ]
    ]
  }
}