{
  "model_name": "XGBoost (Oversampled)",
  "training_time_seconds": 1.8571832180023193,
  "fpr": [
    0.0,
    0.0,
    0.0,
    0.005319148936170213,
    0.005319148936170213,
    0.010638297872340425,
    0.010638297872340425,
    0.015957446808510637,
    0.015957446808510637,
    0.02127659574468085,
    0.02127659574468085,
    0.026595744680851064,
    0.026595744680851064,
    0.03723404255319149,
    0.03723404255319149,
    0.0425531914893617,
    0.0425531914893617,
    0.047872340425531915,
    0.047872340425531915,
    0.06914893617021277,
    0.06914893617021277,
    0.0851063829787234,
    0.0851063829787234,
    0.09042553191489362,
    0.09042553191489362,
    0.09574468085106383,
    0.09574468085106383,
    0.10106382978723404,
    0.10106382978723404,
    0.10638297872340426,
    0.10638297872340426,
    0.11170212765957446,
    0.11170212765957446,
    0.11702127659574468,
    0.11702127659574468,
    0.1276595744680851,
    0.1276595744680851,
    0.1595744680851064,
    0.1595744680851064,
    0.16489361702127658,
    0.16489361702127658,
    0.1702127659574468,
    0.1702127659574468,
    0.19148936170212766,
    0.19148936170212766,
    0.20212765957446807,
    0.20212765957446807,
    0.21808510638297873,
    0.21808510638297873,
    0.22340425531914893,
    0.22340425531914893,
    0.23404255319148937,
    0.23404255319148937,
    0.2712765957446808,
    0.2712765957446808,
    0.28191489361702127,
    0.28191489361702127,
    0.3404255319148936,
    0.3404255319148936,
    0.35106382978723405,
    0.35106382978723405,
    0.3776595744680851,
    0.3776595744680851,
    0.3882978723404255,
    0.3882978723404255,
    0.39893617021276595,
    0.39893617021276595,
    0.425531914893617,
    0.425531914893617,
    0.44680851063829785,
    0.44680851063829785,
    0.48936170212765956,
    0.48936170212765956,
    0.5106382978723404,
    0.5106382978723404,
    0.5425531914893617,
    0.5425531914893617,
    0.6223404255319149,
    0.6223404255319149,
    0.675531914893617,
    0.675531914893617,
    0.6914893617021277,
    0.6914893617021277,
    0.7074468085106383,
    0.7074468085106383,
    0.7127659574468085,
    0.7127659574468085,
    0.7978723404255319,
    0.7978723404255319,
    0.8936170212765957,
    0.8936170212765957,
    0.9840425531914894,
    0.9840425531914894,
    1.0
  ],
  "tpr": [
    0.0,
    0.009433962264150943,
    0.04716981132075472,
    0.04716981132075472,
    0.05660377358490566,
    0.05660377358490566,
    0.09433962264150944,
    0.09433962264150944,
    0.3113207547169811,
    0.3113207547169811,
    0.37735849056603776,
    0.37735849056603776,
    0.42452830188679247,
    0.42452830188679247,
    0.4339622641509434,
    0.4339622641509434,
    0.4811320754716981,
    0.4811320754716981,
    0.49056603773584906,
    0.49056603773584906,
    0.5094339622641509,
    0.5094339622641509,
    0.5283018867924528,
    0.5283018867924528,
    0.5471698113207547,
    0.5471698113207547,
    0.5566037735849056,
    0.5566037735849056,
    0.5660377358490566,
    0.5660377358490566,
    0.5849056603773585,
    0.5849056603773585,
    0.6226415094339622,
    0.6226415094339622,
    0.6509433962264151,
    0.6509433962264151,
    0.660377358490566,
    0.660377358490566,
    0.6886792452830188,
    0.6886792452830188,
    0.6981132075471698,
    0.6981132075471698,
    0.7075471698113207,
    0.7075471698113207,
    0.7169811320754716,
    0.7169811320754716,
    0.7264150943396226,
    0.7264150943396226,
    0.7358490566037735,
    0.7358490566037735,
    0.7641509433962265,
    0.7641509433962265,
    0.7735849056603774,
    0.7735849056603774,
    0.7830188679245284,
    0.7830188679245284,
    0.7924528301886793,
    0.7924528301886793,
    0.8113207547169812,
    0.8113207547169812,
    0.8301886792452831,
    0.8301886792452831,
    0.839622641509434,
    0.839622641509434,
    0.8490566037735849,
    0.8490566037735849,
    0.8584905660377359,
    0.8584905660377359,
    0.8679245283018868,
    0.8679245283018868,
    0.8773584905660378,
    0.8773584905660378,
    0.8867924528301887,
    0.8867924528301887,
    0.8962264150943396,
    0.8962264150943396,
    0.9056603773584906,
    0.9056603773584906,
    0.9150943396226415,
    0.9150943396226415,
    0.9245283018867925,
    0.9245283018867925,
    0.9339622641509434,
    0.9339622641509434,
    0.9622641509433962,
    0.9622641509433962,
    0.9716981132075472,
    0.9716981132075472,
    0.9811320754716981,
    0.9811320754716981,
    0.9905660377358491,
    0.9905660377358491,
    1.0,
    1.0
  ],
  "auc": 0.8286330790847048,
  "log_loss": 0.4902094602584839,
  "train_metrics": {
    "split": "train",
    "precision": 0.8279009126466753,
    "recall": 0.7820197044334976,
    "f1": 0.804306523115896,
    "accuracy": 0.8097290640394089,
    "confusion_matrix": [
      [
        680,
        132
      ],
      [
        177,
        635
      ]
    ]
  },
  "test_metrics": {
    "split": "test",
    "precision": 0.7087378640776699,
    "recall": 0.6886792452830188,
    "f1": 0.6985645933014353,
    "accuracy": 0.7857142857142857,
    "confusion_matrix": [
      [
        158,
        30
      ],
      [
        33,
        73
      ]
    ]
  }
}