{
  "model_name": "XGBoost",
  "training_time_seconds": 0.6994197368621826,
  "fpr": [
    0.0,
    0.0,
    0.0,
    0.010638297872340425,
    0.010638297872340425,
    0.015957446808510637,
    0.015957446808510637,
    0.02127659574468085,
    0.02127659574468085,
    0.026595744680851064,
    0.026595744680851064,
    0.031914893617021274,
    0.031914893617021274,
    0.03723404255319149,
    0.03723404255319149,
    0.0425531914893617,
    0.0425531914893617,
    0.047872340425531915,
    0.047872340425531915,
    0.05319148936170213,
    0.05319148936170213,
    0.05851063829787234,
    0.05851063829787234,
    0.06382978723404255,
    0.06382978723404255,
    0.07446808510638298,
    0.07446808510638298,
    0.0797872340425532,
    0.0797872340425532,
    0.0851063829787234,
    0.0851063829787234,
    0.10106382978723404,
    0.10106382978723404,
    0.10638297872340426,
    0.10638297872340426,
    0.1276595744680851,
    0.1276595744680851,
    0.14361702127659576,
    0.14361702127659576,
    0.14893617021276595,
    0.14893617021276595,
    0.16489361702127658,
    0.16489361702127658,
    0.1702127659574468,
    0.1702127659574468,
    0.18085106382978725,
    0.18085106382978725,
    0.18617021276595744,
    0.18617021276595744,
    0.19680851063829788,
    0.19680851063829788,
    0.2127659574468085,
    0.2127659574468085,
    0.24468085106382978,
    0.24468085106382978,
    0.25,
    0.25,
    0.2553191489361702,
    0.2553191489361702,
    0.2872340425531915,
    0.2872340425531915,
    0.2978723404255319,
    0.2978723404255319,
    0.30851063829787234,
    0.30851063829787234,
    0.34574468085106386,
    0.34574468085106386,
    0.35106382978723405,
    0.35106382978723405,
    0.3882978723404255,
    0.3882978723404255,
    0.42021276595744683,
    0.42021276595744683,
    0.4521276595744681,
    0.4521276595744681,
    0.5638297872340425,
    0.5638297872340425,
    0.5691489361702128,
    0.5691489361702128,
    0.574468085106383,
    0.574468085106383,
    0.5957446808510638,
    0.5957446808510638,
    0.6223404255319149,
    0.6223404255319149,
    0.6276595744680851,
    0.6276595744680851,
    0.6329787234042553,
    0.6329787234042553,
    0.6382978723404256,
    0.6382978723404256,
    0.648936170212766,
    0.648936170212766,
    0.6914893617021277,
    0.6914893617021277,
    0.7287234042553191,
    0.7287234042553191,
    0.7340425531914894,
    0.7340425531914894,
    0.7393617021276596,
    0.7393617021276596,
    0.8936170212765957,
    0.8936170212765957,
    1.0
  ],
  "tpr": [
    0.0,
    0.009433962264150943,
    0.018867924528301886,
    0.018867924528301886,
    0.09433962264150944,
    0.09433962264150944,
    0.25471698113207547,
    0.25471698113207547,
    0.3018867924528302,
    0.3018867924528302,
    0.37735849056603776,
    0.37735849056603776,
    0.4056603773584906,
    0.4056603773584906,
    0.44339622641509435,
    0.44339622641509435,
    0.46226415094339623,
    0.46226415094339623,
    0.4811320754716981,
    0.4811320754716981,
    0.5,
    0.5,
    0.5094339622641509,
    0.5094339622641509,
    0.5283018867924528,
    0.5283018867924528,
    0.5377358490566038,
    0.5377358490566038,
    0.5660377358490566,
    0.5660377358490566,
    0.5849056603773585,
    0.5849056603773585,
    0.5943396226415094,
    0.5943396226415094,
    0.6037735849056604,
    0.6037735849056604,
    0.6132075471698113,
    0.6132075471698113,
    0.6320754716981132,
    0.6320754716981132,
    0.6415094339622641,
    0.6415094339622641,
    0.6509433962264151,
    0.6509433962264151,
    0.660377358490566,
    0.660377358490566,
    0.6792452830188679,
    0.6792452830188679,
    0.6886792452830188,
    0.6886792452830188,
    0.6981132075471698,
    0.6981132075471698,
    0.7169811320754716,
    0.7169811320754716,
    0.7264150943396226,
    0.7264150943396226,
    0.7358490566037735,
    0.7358490566037735,
    0.7452830188679245,
    0.7452830188679245,
    0.7547169811320755,
    0.7547169811320755,
    0.7641509433962265,
    0.7641509433962265,
    0.7735849056603774,
    0.7735849056603774,
    0.7830188679245284,
    0.7830188679245284,
    0.8018867924528302,
    0.8018867924528302,
    0.8113207547169812,
    0.8113207547169812,
    0.8207547169811321,
    0.8207547169811321,
    0.8301886792452831,
    0.8301886792452831,
    0.8490566037735849,
    0.8490566037735849,
    0.8867924528301887,
    0.8867924528301887,
    0.8962264150943396,
    0.8962264150943396,
    0.9056603773584906,
    0.9056603773584906,
    0.9150943396226415,
    0.9150943396226415,
    0.9245283018867925,
    0.9245283018867925,
    0.9339622641509434,
    0.9339622641509434,
    0.9433962264150944,
    0.9433962264150944,
    0.9528301886792453,
    0.9528301886792453,
    0.9622641509433962,
    0.9622641509433962,
    0.9716981132075472,
    0.9716981132075472,
    0.9811320754716981,
    0.9811320754716981,
    0.9905660377358491,
    0.9905660377358491,
    1.0,
    1.0
  ],
  "auc": 0.8147330389401847,
  "log_loss": 0.5016688108444214,
  "train_metrics": {
    "split": "train",
    "precision": 0.7149122807017544,
    "recall": 0.4490358126721763,
    "f1": 0.5516074450084602,
    "accuracy": 0.774468085106383,
    "confusion_matrix": [
      [
        747,
        65
      ],
      [
        200,
        163
      ]
    ]
  },
  "test_metrics": {
    "split": "test",
    "precision": 0.85,
    "recall": 0.4811320754716981,
    "f1": 0.6144578313253013,
    "accuracy": 0.782312925170068,
    "confusion_matrix": [
      [
        179,
        9
      ],
      [
        55,
        51
      ]
    ]
  }
}