{
  "model_name": "CVQBoost",
  "training_time_seconds": 8.296690225601196,
  "fpr": [
    0.0,
    0.0,
    0.0,
    0.005319148936170213,
    0.005319148936170213,
    0.010638297872340425,
    0.010638297872340425,
    0.010638297872340425,
    0.010638297872340425,
    0.010638297872340425,
    0.010638297872340425,
    0.010638297872340425,
    0.010638297872340425,
    0.010638297872340425,
    0.010638297872340425,
    0.010638297872340425,
    0.02127659574468085,
    0.02127659574468085,
    0.02127659574468085,
    0.05319148936170213,
    0.05319148936170213,
    0.05319148936170213,
    0.05319148936170213,
    0.06914893617021277,
    0.07446808510638298,
    0.07446808510638298,
    0.07446808510638298,
    1.0
  ],
  "tpr": [
    0.0,
    0.009433962264150943,
    0.02830188679245283,
    0.03773584905660377,
    0.05660377358490566,
    0.07547169811320754,
    0.10377358490566038,
    0.12264150943396226,
    0.14150943396226415,
    0.16037735849056603,
    0.18867924528301888,
    0.19811320754716982,
    0.2358490566037736,
    0.25471698113207547,
    0.27358490566037735,
    0.3113207547169811,
    0.32075471698113206,
    0.33962264150943394,
    0.3490566037735849,
    0.36792452830188677,
    0.4056603773584906,
    0.44339622641509435,
    0.46226415094339623,
    0.5,
    0.5188679245283019,
    0.5471698113207547,
    0.5660377358490566,
    1.0
  ],
  "auc": 0.7504265355279004,
  "log_loss": 2.8493807315826416,
  "train_metrics": {
    "split": "train",
    "precision": 0.8345864661654135,
    "recall": 0.30578512396694213,
    "f1": 0.4475806451612903,
    "accuracy": 0.7668085106382979,
    "confusion_matrix": [
      [
        790,
        22
      ],
      [
        252,
        111
      ]
    ]
  },
  "test_metrics": {
    "split": "test",
    "precision": 0.9,
    "recall": 0.33962264150943394,
    "f1": 0.4931506849315068,
    "accuracy": 0.7482993197278912,
    "confusion_matrix": [
      [
        184,
        4
      ],
      [
        70,
        36
      ]
    ]
  }
}