{
  "model_name": "knn SMU (balanced 10k)",
  "training_time_seconds": 13.032274007797241,
  "fpr": [
    0.0,
    0.0003333333333333333,
    0.0003333333333333333,
    0.0016666666666666668,
    0.0016666666666666668,
    0.004,
    0.004,
    0.005333333333333333,
    0.005333333333333333,
    0.006,
    0.006,
    0.008,
    0.008,
    0.008333333333333333,
    0.008333333333333333,
    0.009333333333333334,
    0.009333333333333334,
    0.012,
    0.012,
    0.013666666666666667,
    0.013666666666666667,
    0.014333333333333333,
    0.014333333333333333,
    0.015,
    0.015,
    0.016,
    0.016,
    0.01633333333333333,
    0.01633333333333333,
    0.019333333333333334,
    0.019333333333333334,
    0.02,
    0.02,
    0.021333333333333333,
    0.021333333333333333,
    0.024666666666666667,
    0.024666666666666667,
    0.027,
    0.027,
    0.028333333333333332,
    0.028333333333333332,
    0.029666666666666668,
    0.029666666666666668,
    0.035666666666666666,
    0.035666666666666666,
    0.036,
    0.036,
    0.041666666666666664,
    0.041666666666666664,
    0.042666666666666665,
    0.042666666666666665,
    0.043666666666666666,
    0.043666666666666666,
    0.048,
    0.048,
    0.05,
    0.05,
    0.06733333333333333,
    0.06733333333333333,
    0.06933333333333333,
    0.06933333333333333,
    0.07,
    0.07,
    0.072,
    0.072,
    0.07266666666666667,
    0.07266666666666667,
    0.07466666666666667,
    0.07466666666666667,
    0.07733333333333334,
    0.07733333333333334,
    0.07933333333333334,
    0.07933333333333334,
    0.08133333333333333,
    0.08133333333333333,
    0.085,
    0.085,
    0.09733333333333333,
    0.09733333333333333,
    0.099,
    0.099,
    0.10033333333333333,
    0.10033333333333333,
    0.104,
    0.104,
    0.10433333333333333,
    0.10433333333333333,
    0.10566666666666667,
    0.10566666666666667,
    0.114,
    0.114,
    0.12366666666666666,
    0.12366666666666666,
    0.12733333333333333,
    0.12733333333333333,
    0.13366666666666666,
    0.13366666666666666,
    0.13566666666666666,
    0.13566666666666666,
    0.138,
    0.138,
    0.13833333333333334,
    0.13833333333333334,
    0.14066666666666666,
    0.14066666666666666,
    0.14166666666666666,
    0.14166666666666666,
    0.142,
    0.142,
    0.14766666666666667,
    0.14766666666666667,
    0.15033333333333335,
    0.15033333333333335,
    0.15066666666666667,
    0.15066666666666667,
    0.15233333333333332,
    0.15233333333333332,
    0.161,
    0.161,
    0.16233333333333333,
    0.16233333333333333,
    0.18533333333333332,
    0.18533333333333332,
    0.19133333333333333,
    0.19133333333333333,
    0.194,
    0.194,
    0.19533333333333333,
    0.19533333333333333,
    0.211,
    0.211,
    0.21233333333333335,
    0.21233333333333335,
    0.21833333333333332,
    0.21833333333333332,
    0.219,
    0.219,
    0.22133333333333333,
    0.22133333333333333,
    0.22333333333333333,
    0.22333333333333333,
    0.22533333333333333,
    0.22533333333333333,
    0.23433333333333334,
    0.23433333333333334,
    0.25266666666666665,
    0.25266666666666665,
    0.2663333333333333,
    0.2663333333333333,
    0.26666666666666666,
    0.26666666666666666,
    0.27366666666666667,
    0.27366666666666667,
    0.274,
    0.274,
    0.276,
    0.276,
    0.278,
    0.278,
    0.2823333333333333,
    0.2823333333333333,
    0.305,
    0.305,
    0.31766666666666665,
    0.31766666666666665,
    0.333,
    0.333,
    0.3413333333333333,
    0.3413333333333333,
    0.35,
    0.35,
    0.359,
    0.359,
    0.36466666666666664,
    0.36466666666666664,
    0.37,
    0.37,
    0.385,
    0.385,
    0.4026666666666667,
    0.4026666666666667,
    0.413,
    0.413,
    0.41733333333333333,
    0.41733333333333333,
    0.44033333333333335,
    0.44033333333333335,
    0.455,
    0.455,
    0.4613333333333333,
    0.4613333333333333,
    0.475,
    0.475,
    0.4836666666666667,
    0.4836666666666667,
    0.48933333333333334,
    0.48933333333333334,
    0.49033333333333334,
    0.49033333333333334,
    0.499,
    0.499,
    0.5213333333333333,
    0.5213333333333333,
    0.532,
    0.532,
    0.5356666666666666,
    0.5356666666666666,
    0.5383333333333333,
    0.5383333333333333,
    0.5683333333333334,
    0.5683333333333334,
    0.5703333333333334,
    0.5703333333333334,
    0.5743333333333334,
    0.5743333333333334,
    0.576,
    0.576,
    0.596,
    0.596,
    0.608,
    0.608,
    0.6103333333333333,
    0.6103333333333333,
    0.6586666666666666,
    0.6586666666666666,
    0.699,
    0.699,
    0.7016666666666667,
    0.7016666666666667,
    0.712,
    0.7126666666666667,
    0.7153333333333334,
    0.7153333333333334,
    0.7186666666666667,
    0.7186666666666667,
    0.7196666666666667,
    0.7196666666666667,
    0.7373333333333333,
    0.7373333333333333,
    0.7386666666666667,
    0.7386666666666667,
    0.76,
    0.76,
    0.794,
    0.794,
    0.7993333333333333,
    0.7993333333333333,
    0.8083333333333333,
    0.8083333333333333,
    0.8113333333333334,
    0.8113333333333334,
    0.843,
    0.843,
    0.8556666666666667,
    0.8563333333333333,
    0.859,
    0.8596666666666667,
    0.864,
    0.864,
    0.8726666666666667,
    0.8726666666666667,
    0.8886666666666667,
    0.8886666666666667,
    0.908,
    0.908,
    0.937,
    0.937,
    0.9693333333333334,
    0.97,
    1.0,
    1.0
  ],