{
  "model_name": "knn SMU (balanced 1k)",
  "training_time_seconds": 435.0683126449585,
  "fpr": [
    0.0,
    0.0,
    0.0,
    0.005319148936170213,
    0.005319148936170213,
    0.010638297872340425,
    0.010638297872340425,
    0.015957446808510637,
    0.015957446808510637,
    0.026595744680851064,
    0.026595744680851064,
    0.03723404255319149,
    0.03723404255319149,
    0.047872340425531915,
    0.047872340425531915,
    0.05319148936170213,
    0.05319148936170213,
    0.06382978723404255,
    0.06382978723404255,
    0.06914893617021277,
    0.06914893617021277,
    0.07446808510638298,
    0.07446808510638298,
    0.0851063829787234,
    0.0851063829787234,
    0.10106382978723404,
    0.10106382978723404,
    0.10638297872340426,
    0.10638297872340426,
    0.11170212765957446,
    0.11170212765957446,
    0.12234042553191489,
    0.12234042553191489,
    0.1276595744680851,
    0.1276595744680851,
    0.13297872340425532,
    0.13297872340425532,
    0.13829787234042554,
    0.13829787234042554,
    0.14893617021276595,
    0.14893617021276595,
    0.16489361702127658,
    0.16489361702127658,
    0.17553191489361702,
    0.17553191489361702,
    0.18085106382978725,
    0.18085106382978725,
    0.18617021276595744,
    0.18617021276595744,
    0.19680851063829788,
    0.19680851063829788,
    0.21808510638297873,
    0.21808510638297873,
    0.22340425531914893,
    0.22340425531914893,
    0.2553191489361702,
    0.2553191489361702,
    0.2872340425531915,
    0.2872340425531915,
    0.2978723404255319,
    0.2978723404255319,
    0.30851063829787234,
    0.30851063829787234,
    0.3617021276595745,
    0.3617021276595745,
    0.40425531914893614,
    0.40425531914893614,
    0.425531914893617,
    0.425531914893617,
    0.4574468085106383,
    0.4574468085106383,
    0.4734042553191489,
    0.4734042553191489,
    0.4787234042553192,
    0.4787234042553192,
    0.5106382978723404,
    0.5106382978723404,
    0.5212765957446809,
    0.5212765957446809,
    0.526595744680851,
    0.526595744680851,
    0.5638297872340425,
    0.5638297872340425,
    0.6063829787234043,
    0.6063829787234043,
    0.6170212765957447,
    0.6170212765957447,
    0.648936170212766,
    0.648936170212766,
    0.6595744680851063,
    0.6595744680851063,
    0.7074468085106383,
    0.7074468085106383,
    0.7712765957446809,
    0.7712765957446809,
    0.7819148936170213,
    0.7819148936170213,
    0.7925531914893617,
    0.7925531914893617,
    0.8031914893617021,
    0.8031914893617021,
    0.8563829787234043,
    0.8563829787234043,
    0.9042553191489362,
    0.9042553191489362,
    0.9468085106382979,
    0.9468085106382979,
    1.0
  ],
  "tpr": [
    0.0,
    0.009433962264150943,
    0.12264150943396226,
    0.12264150943396226,
    0.1320754716981132,
    0.1320754716981132,
    0.2169811320754717,
    0.2169811320754717,
    0.2358490566037736,
    0.2358490566037736,
    0.2830188679245283,
    0.2830188679245283,
    0.29245283018867924,
    0.29245283018867924,
    0.3018867924528302,
    0.3018867924528302,
    0.36792452830188677,
    0.36792452830188677,
    0.37735849056603776,
    0.37735849056603776,
    0.3867924528301887,
    0.3867924528301887,
    0.42452830188679247,
    0.42452830188679247,
    0.4339622641509434,
    0.4339622641509434,
    0.46226415094339623,
    0.46226415094339623,
    0.49056603773584906,
    0.49056603773584906,
    0.5377358490566038,
    0.5377358490566038,
    0.5471698113207547,
    0.5471698113207547,
    0.5660377358490566,
    0.5660377358490566,
    0.5754716981132075,
    0.5754716981132075,
    0.6132075471698113,
    0.6132075471698113,
    0.6320754716981132,
    0.6320754716981132,
    0.6415094339622641,
    0.6415094339622641,
    0.6509433962264151,
    0.6509433962264151,
    0.660377358490566,
    0.660377358490566,
    0.6698113207547169,
    0.6698113207547169,
    0.6792452830188679,
    0.6792452830188679,
    0.6886792452830188,
    0.6886792452830188,
    0.6981132075471698,
    0.6981132075471698,
    0.7075471698113207,
    0.7075471698113207,
    0.7169811320754716,
    0.7169811320754716,
    0.7264150943396226,
    0.7264150943396226,
    0.7358490566037735,
    0.7358490566037735,
    0.7641509433962265,
    0.7641509433962265,
    0.7735849056603774,
    0.7735849056603774,
    0.7830188679245284,
    0.7830188679245284,
    0.7924528301886793,
    0.7924528301886793,
    0.8018867924528302,
    0.8018867924528302,
    0.8301886792452831,
    0.8301886792452831,
    0.839622641509434,
    0.839622641509434,
    0.8490566037735849,
    0.8490566037735849,
    0.8584905660377359,
    0.8584905660377359,
    0.8679245283018868,
    0.8679245283018868,
    0.8867924528301887,
    0.8867924528301887,
    0.8962264150943396,
    0.8962264150943396,
    0.9056603773584906,
    0.9056603773584906,
    0.9150943396226415,
    0.9150943396226415,
    0.9245283018867925,
    0.9245283018867925,
    0.9339622641509434,
    0.9339622641509434,
    0.9433962264150944,
    0.9433962264150944,
    0.9622641509433962,
    0.9622641509433962,
    0.9716981132075472,
    0.9716981132075472,
    0.9811320754716981,
    0.9811320754716981,
    0.9905660377358491,
    0.9905660377358491,
    1.0,
    1.0
  ],
  "auc": 0.7813629064632678,
  "log_loss": 0.5374183654785156,
  "train_metrics": {
    "split": "train",
    "precision": 0.9305555555555556,
    "recall": 0.7426108374384236,
    "f1": 0.8260273972602739,
    "accuracy": 0.8435960591133005,
    "confusion_matrix": [
      [
        767,
        45
      ],
      [
        209,
        603
      ]
    ]
  },
  "test_metrics": {
    "split": "test",
    "precision": 0.7222222222222222,
    "recall": 0.49056603773584906,
    "f1": 0.5842696629213483,
    "accuracy": 0.7482993197278912,
    "confusion_matrix": [
      [
        168,
        20
      ],
      [
        54,
        52
      ]
    ]
  }
}