{
  "model_name": "CVQBoost (lg Oversampled)",
  "training_time_seconds": 523.8718490600586,
  "fpr": [
    0.0,
    0.0,
    0.0,
    0.005319148936170213,
    0.005319148936170213,
    0.010638297872340425,
    0.010638297872340425,
    0.015957446808510637,
    0.015957446808510637,
    0.02127659574468085,
    0.02127659574468085,
    0.026595744680851064,
    0.026595744680851064,
    0.031914893617021274,
    0.031914893617021274,
    0.0425531914893617,
    0.0425531914893617,
    0.047872340425531915,
    0.047872340425531915,
    0.06382978723404255,
    0.06382978723404255,
    0.06914893617021277,
    0.06914893617021277,
    0.07446808510638298,
    0.07446808510638298,
    0.09042553191489362,
    0.09042553191489362,
    0.10106382978723404,
    0.10106382978723404,
    0.11170212765957446,
    0.11170212765957446,
    0.11702127659574468,
    0.11702127659574468,
    0.12234042553191489,
    0.12234042553191489,
    0.1276595744680851,
    0.1276595744680851,
    0.14361702127659576,
    0.14361702127659576,
    0.18085106382978725,
    0.18085106382978725,
    0.19148936170212766,
    0.19148936170212766,
    0.20212765957446807,
    0.2127659574468085,
    0.2127659574468085,
    0.22340425531914893,
    0.22340425531914893,
    0.23404255319148937,
    0.23404255319148937,
    0.2712765957446808,
    0.2712765957446808,
    0.2765957446808511,
    0.2765957446808511,
    0.31382978723404253,
    0.31382978723404253,
    0.32978723404255317,
    0.32978723404255317,
    0.3351063829787234,
    0.3351063829787234,
    0.3404255319148936,
    0.3404255319148936,
    0.35638297872340424,
    0.35638297872340424,
    0.3617021276595745,
    0.3617021276595745,
    0.3776595744680851,
    0.3776595744680851,
    0.4148936170212766,
    0.4148936170212766,
    0.4574468085106383,
    0.4574468085106383,
    0.48936170212765956,
    0.48936170212765956,
    0.5106382978723404,
    0.5106382978723404,
    0.5319148936170213,
    0.5425531914893617,
    0.5585106382978723,
    0.5585106382978723,
    0.5957446808510638,
    0.5957446808510638,
    0.601063829787234,
    0.601063829787234,
    0.6063829787234043,
    0.6063829787234043,
    0.6117021276595744,
    0.6117021276595744,
    0.648936170212766,
    0.648936170212766,
    0.6542553191489362,
    0.6542553191489362,
    0.6808510638297872,
    0.6808510638297872,
    0.8031914893617021,
    0.8031914893617021,
    0.898936170212766,
    0.898936170212766,
    0.9042553191489362,
    0.9042553191489362,
    0.9414893617021277,
    0.9414893617021277,
    0.9627659574468085,
    0.973404255319149,
    1.0
  ],
  "tpr": [
    0.0,
    0.009433962264150943,
    0.05660377358490566,
    0.05660377358490566,
    0.08490566037735849,
    0.08490566037735849,
    0.09433962264150944,
    0.09433962264150944,
    0.14150943396226415,
    0.14150943396226415,
    0.25471698113207547,
    0.25471698113207547,
    0.3018867924528302,
    0.3018867924528302,
    0.3490566037735849,
    0.3490566037735849,
    0.3584905660377358,
    0.3584905660377358,
    0.4056603773584906,
    0.4056603773584906,
    0.41509433962264153,
    0.41509433962264153,
    0.4339622641509434,
    0.4339622641509434,
    0.4811320754716981,
    0.4811320754716981,
    0.49056603773584906,
    0.49056603773584906,
    0.5283018867924528,
    0.5283018867924528,
    0.5471698113207547,
    0.5471698113207547,
    0.5660377358490566,
    0.5660377358490566,
    0.5754716981132075,
    0.5754716981132075,
    0.5943396226415094,
    0.5943396226415094,
    0.6132075471698113,
    0.6132075471698113,
    0.6226415094339622,
    0.6226415094339622,
    0.6320754716981132,
    0.6320754716981132,
    0.6320754716981132,
    0.6415094339622641,
    0.6415094339622641,
    0.6509433962264151,
    0.6509433962264151,
    0.660377358490566,
    0.660377358490566,
    0.6698113207547169,
    0.6698113207547169,
    0.6792452830188679,
    0.6792452830188679,
    0.6886792452830188,
    0.6886792452830188,
    0.7169811320754716,
    0.7169811320754716,
    0.7830188679245284,
    0.7830188679245284,
    0.8018867924528302,
    0.8018867924528302,
    0.8113207547169812,
    0.8113207547169812,
    0.8207547169811321,
    0.8207547169811321,
    0.839622641509434,
    0.839622641509434,
    0.8490566037735849,
    0.8490566037735849,
    0.8584905660377359,
    0.8584905660377359,
    0.8679245283018868,
    0.8679245283018868,
    0.8773584905660378,
    0.8773584905660378,
    0.8773584905660378,
    0.8773584905660378,
    0.8867924528301887,
    0.8867924528301887,
    0.8962264150943396,
    0.8962264150943396,
    0.9056603773584906,
    0.9056603773584906,
    0.9150943396226415,
    0.9150943396226415,
    0.9245283018867925,
    0.9245283018867925,
    0.9339622641509434,
    0.9339622641509434,
    0.9433962264150944,
    0.9433962264150944,
    0.9528301886792453,
    0.9528301886792453,
    0.9622641509433962,
    0.9622641509433962,
    0.9716981132075472,
    0.9716981132075472,
    0.9811320754716981,
    0.9811320754716981,
    1.0,
    1.0,
    1.0,
    1.0
  ],
  "auc": 0.7939582496989162,
  "log_loss": 0.5414130091667175,
  "train_metrics": {
    "split": "train",
    "precision": 0.8073836276083467,
    "recall": 0.6194581280788177,
    "f1": 0.7010452961672474,
    "accuracy": 0.7358374384236454,
    "confusion_matrix": [
      [
        692,
        120
      ],
      [
        309,
        503
      ]
    ]
  },
  "test_metrics": {
    "split": "test",
    "precision": 0.6989247311827957,
    "recall": 0.6132075471698113,
    "f1": 0.6532663316582915,
    "accuracy": 0.7653061224489796,
    "confusion_matrix": [
      [
        160,
        28
      ],
      [
        41,
        65
      ]
    ]
  }
}