{
  "model_name": "lg SMU (balanced 1k)",
  "training_time_seconds": 1194.5548593997955,
  "fpr": [
    0.0,
    0.0033333333333333335,
    0.0033333333333333335,
    0.0033333333333333335,
    0.0033333333333333335,
    0.0033333333333333335,
    0.0033333333333333335,
    0.006666666666666667,
    0.006666666666666667,
    0.01,
    0.01,
    0.016666666666666666,
    0.016666666666666666,
    0.02,
    0.02,
    0.023333333333333334,
    0.023333333333333334,
    0.02666666666666667,
    0.02666666666666667,
    0.03666666666666667,
    0.03666666666666667,
    0.04,
    0.04,
    0.05,
    0.05,
    0.06,
    0.06,
    0.06333333333333334,
    0.06333333333333334,
    0.06666666666666667,
    0.06666666666666667,
    0.07333333333333333,
    0.07333333333333333,
    0.07666666666666666,
    0.07666666666666666,
    0.08333333333333333,
    0.08333333333333333,
    0.1,
    0.1,
    0.10666666666666667,
    0.10666666666666667,
    0.12,
    0.12,
    0.12333333333333334,
    0.12333333333333334,
    0.12666666666666668,
    0.12666666666666668,
    0.13,
    0.13,
    0.13333333333333333,
    0.13333333333333333,
    0.14666666666666667,
    0.14666666666666667,
    0.16,
    0.16666666666666666,
    0.16666666666666666,
    0.17,
    0.17,
    0.17333333333333334,
    0.17333333333333334,
    0.17666666666666667,
    0.17666666666666667,
    0.18,
    0.18,
    0.18333333333333332,
    0.18333333333333332,
    0.20666666666666667,
    0.20666666666666667,
    0.22333333333333333,
    0.23,
    0.23,
    0.25333333333333335,
    0.25333333333333335,
    0.26666666666666666,
    0.26666666666666666,
    0.27666666666666667,
    0.27666666666666667,
    0.2833333333333333,
    0.2833333333333333,
    0.29,
    0.29333333333333333,
    0.29333333333333333,
    0.31,
    0.31666666666666665,
    0.32,
    0.3333333333333333,
    0.33666666666666667,
    0.34,
    0.3433333333333333,
    0.3433333333333333,
    0.3566666666666667,
    0.3566666666666667,
    0.36,
    0.36,
    0.36333333333333334,
    0.37,
    0.38,
    0.38333333333333336,
    0.38333333333333336,
    0.39,
    0.39,
    0.39666666666666667,
    0.4066666666666667,
    0.4066666666666667,
    0.4166666666666667,
    0.4166666666666667,
    0.42333333333333334,
    0.43,
    0.43333333333333335,
    0.43333333333333335,
    0.43666666666666665,
    0.43666666666666665,
    0.44333333333333336,
    0.4533333333333333,
    0.4533333333333333,
    0.4633333333333333,
    0.4633333333333333,
    0.4666666666666667,
    0.4666666666666667,
    0.48,
    0.48,
    0.4866666666666667,
    0.4866666666666667,
    0.49333333333333335,
    0.49333333333333335,
    0.5,
    0.5,
    0.5133333333333333,
    0.5233333333333333,
    0.5233333333333333,
    0.53,
    0.5333333333333333,
    0.5333333333333333,
    0.5366666666666666,
    0.5366666666666666,
    0.54,
    0.54,
    0.56,
    0.56,
    0.56,
    0.5733333333333334,
    0.5733333333333334,
    0.5866666666666667,
    0.5866666666666667,
    0.59,
    0.59,
    0.6166666666666667,
    0.6233333333333333,
    0.63,
    0.63,
    0.6466666666666666,
    0.6466666666666666,
    0.6533333333333333,
    0.66,
    0.66,
    0.68,
    0.6866666666666666,
    0.6966666666666667,
    0.7,
    0.7166666666666667,
    0.7233333333333334,
    0.7333333333333333,
    0.7333333333333333,
    0.74,
    0.74,
    0.7466666666666667,
    0.7566666666666667,
    0.7566666666666667,
    0.7666666666666667,
    0.7733333333333333,
    0.78,
    0.7866666666666666,
    0.79,
    0.81,
    0.8166666666666667,
    0.8233333333333334,
    0.8233333333333334,
    0.8333333333333334,
    0.8433333333333334,
    0.8533333333333334,
    0.86,
    0.8733333333333333,
    0.8766666666666667,
    0.8866666666666667,
    0.8966666666666666,
    0.9033333333333333,
    0.9033333333333333,
    0.9133333333333333,
    0.9166666666666666,
    0.9166666666666666,
    0.92,
    0.9333333333333333,
    0.9466666666666667,
    0.9533333333333334,
    0.9733333333333334,
    0.9866666666666667,
    0.9866666666666667,
    0.9933333333333333,
    1.0
  ],