{
  "model_name": "CVQBoost (knn Oversampled)",
  "training_time_seconds": 53.109837770462036,
  "fpr": [
    0.0,
    0.0,
    0.0,
    0.005319148936170213,
    0.005319148936170213,
    0.010638297872340425,
    0.010638297872340425,
    0.015957446808510637,
    0.015957446808510637,
    0.026595744680851064,
    0.026595744680851064,
    0.03723404255319149,
    0.03723404255319149,
    0.0425531914893617,
    0.0425531914893617,
    0.047872340425531915,
    0.047872340425531915,
    0.06914893617021277,
    0.06914893617021277,
    0.07446808510638298,
    0.07446808510638298,
    0.0797872340425532,
    0.0797872340425532,
    0.09042553191489362,
    0.09042553191489362,
    0.09574468085106383,
    0.09574468085106383,
    0.10638297872340426,
    0.10638297872340426,
    0.11170212765957446,
    0.11170212765957446,
    0.12234042553191489,
    0.12234042553191489,
    0.1276595744680851,
    0.1276595744680851,
    0.13297872340425532,
    0.13297872340425532,
    0.14893617021276595,
    0.14893617021276595,
    0.15425531914893617,
    0.15425531914893617,
    0.19680851063829788,
    0.19680851063829788,
    0.2074468085106383,
    0.21808510638297873,
    0.22340425531914893,
    0.22340425531914893,
    0.22872340425531915,
    0.22872340425531915,
    0.23404255319148937,
    0.23404255319148937,
    0.24468085106382978,
    0.24468085106382978,
    0.2553191489361702,
    0.2553191489361702,
    0.26063829787234044,
    0.26063829787234044,
    0.2872340425531915,
    0.2872340425531915,
    0.30319148936170215,
    0.30319148936170215,
    0.30851063829787234,
    0.30851063829787234,
    0.32978723404255317,
    0.32978723404255317,
    0.3351063829787234,
    0.3351063829787234,
    0.35638297872340424,
    0.35638297872340424,
    0.3670212765957447,
    0.3670212765957447,
    0.4148936170212766,
    0.4148936170212766,
    0.43617021276595747,
    0.43617021276595747,
    0.44680851063829785,
    0.44680851063829785,
    0.4627659574468085,
    0.4627659574468085,
    0.5212765957446809,
    0.5212765957446809,
    0.5319148936170213,
    0.5319148936170213,
    0.5531914893617021,
    0.5531914893617021,
    0.5585106382978723,
    0.5585106382978723,
    0.574468085106383,
    0.574468085106383,
    0.5797872340425532,
    0.5797872340425532,
    0.6436170212765957,
    0.6436170212765957,
    0.7074468085106383,
    0.7074468085106383,
    0.75,
    0.75,
    0.7606382978723404,
    0.7606382978723404,
    0.8031914893617021,
    0.8031914893617021,
    0.8085106382978723,
    0.9202127659574468,
    0.9202127659574468,
    0.925531914893617,
    0.925531914893617,
    0.9414893617021277,
    0.9414893617021277,
    0.9680851063829787,
    0.9787234042553191,
    1.0
  ],
  "tpr": [
    0.0,
    0.009433962264150943,
    0.05660377358490566,
    0.05660377358490566,
    0.0660377358490566,
    0.0660377358490566,
    0.10377358490566038,
    0.10377358490566038,
    0.22641509433962265,
    0.22641509433962265,
    0.33962264150943394,
    0.33962264150943394,
    0.3584905660377358,
    0.3584905660377358,
    0.3867924528301887,
    0.3867924528301887,
    0.42452830188679247,
    0.42452830188679247,
    0.44339622641509435,
    0.44339622641509435,
    0.46226415094339623,
    0.46226415094339623,
    0.4811320754716981,
    0.4811320754716981,
    0.5283018867924528,
    0.5283018867924528,
    0.5471698113207547,
    0.5471698113207547,
    0.5566037735849056,
    0.5566037735849056,
    0.5660377358490566,
    0.5660377358490566,
    0.5754716981132075,
    0.5754716981132075,
    0.5849056603773585,
    0.5849056603773585,
    0.5943396226415094,
    0.5943396226415094,
    0.6037735849056604,
    0.6037735849056604,
    0.6226415094339622,
    0.6226415094339622,
    0.6320754716981132,
    0.6320754716981132,
    0.6320754716981132,
    0.6320754716981132,
    0.6509433962264151,
    0.6509433962264151,
    0.660377358490566,
    0.660377358490566,
    0.6698113207547169,
    0.6698113207547169,
    0.6792452830188679,
    0.6792452830188679,
    0.6886792452830188,
    0.6886792452830188,
    0.6981132075471698,
    0.6981132075471698,
    0.7169811320754716,
    0.7169811320754716,
    0.7358490566037735,
    0.7358490566037735,
    0.7452830188679245,
    0.7452830188679245,
    0.7547169811320755,
    0.7547169811320755,
    0.7641509433962265,
    0.7641509433962265,
    0.7735849056603774,
    0.7735849056603774,
    0.7924528301886793,
    0.7924528301886793,
    0.8018867924528302,
    0.8018867924528302,
    0.8113207547169812,
    0.8113207547169812,
    0.8301886792452831,
    0.8301886792452831,
    0.8490566037735849,
    0.8490566037735849,
    0.8584905660377359,
    0.8584905660377359,
    0.8679245283018868,
    0.8679245283018868,
    0.8773584905660378,
    0.8773584905660378,
    0.8867924528301887,
    0.8867924528301887,
    0.8962264150943396,
    0.8962264150943396,
    0.9150943396226415,
    0.9150943396226415,
    0.9245283018867925,
    0.9245283018867925,
    0.9339622641509434,
    0.9339622641509434,
    0.9433962264150944,
    0.9433962264150944,
    0.9528301886792453,
    0.9528301886792453,
    0.9622641509433962,
    0.9716981132075472,
    0.9716981132075472,
    0.9811320754716981,
    0.9811320754716981,
    0.9905660377358491,
    0.9905660377358491,
    1.0,
    1.0,
    1.0,
    1.0
  ],
  "auc": 0.7919259333600964,
  "log_loss": 0.5392305254936218,
  "train_metrics": {
    "split": "train",
    "precision": 0.8230383973288815,
    "recall": 0.6071428571428571,
    "f1": 0.6987951807228916,
    "accuracy": 0.7383004926108374,
    "confusion_matrix": [
      [
        706,
        106
      ],
      [
        319,
        493
      ]
    ]
  },
  "test_metrics": {
    "split": "test",
    "precision": 0.7,
    "recall": 0.5943396226415094,
    "f1": 0.6428571428571428,
    "accuracy": 0.7619047619047619,
    "confusion_matrix": [
      [
        161,
        27
      ],
      [
        43,
        63
      ]
    ]
  }
}