{
  "model_name": "lda SMU (balanced 1k)",
  "training_time_seconds": 842.9861078262329,
  "fpr": [
    0.0,
    0.0,
    0.0033333333333333335,
    0.0033333333333333335,
    0.0033333333333333335,
    0.0033333333333333335,
    0.006666666666666667,
    0.006666666666666667,
    0.01,
    0.01,
    0.013333333333333334,
    0.013333333333333334,
    0.023333333333333334,
    0.023333333333333334,
    0.02666666666666667,
    0.02666666666666667,
    0.03,
    0.03,
    0.03333333333333333,
    0.03333333333333333,
    0.03666666666666667,
    0.03666666666666667,
    0.04,
    0.04,
    0.04666666666666667,
    0.04666666666666667,
    0.06333333333333334,
    0.06333333333333334,
    0.07666666666666666,
    0.07666666666666666,
    0.08,
    0.08,
    0.08666666666666667,
    0.08666666666666667,
    0.09333333333333334,
    0.09333333333333334,
    0.10666666666666667,
    0.10666666666666667,
    0.11333333333333333,
    0.11333333333333333,
    0.12333333333333334,
    0.12333333333333334,
    0.13666666666666666,
    0.13666666666666666,
    0.14333333333333334,
    0.14333333333333334,
    0.15,
    0.15,
    0.16,
    0.16,
    0.17,
    0.17,
    0.18,
    0.18,
    0.18333333333333332,
    0.18333333333333332,
    0.18666666666666668,
    0.18666666666666668,
    0.19666666666666666,
    0.19666666666666666,
    0.20666666666666667,
    0.20666666666666667,
    0.22,
    0.22,
    0.22666666666666666,
    0.23,
    0.23,
    0.23333333333333334,
    0.23333333333333334,
    0.24,
    0.25333333333333335,
    0.25333333333333335,
    0.26,
    0.26,
    0.26666666666666666,
    0.2733333333333333,
    0.27666666666666667,
    0.27666666666666667,
    0.28,
    0.2866666666666667,
    0.2866666666666667,
    0.30333333333333334,
    0.31,
    0.31666666666666665,
    0.31666666666666665,
    0.32,
    0.32,
    0.32666666666666666,
    0.32666666666666666,
    0.34,
    0.34,
    0.3566666666666667,
    0.3566666666666667,
    0.36,
    0.36,
    0.36333333333333334,
    0.36333333333333334,
    0.37,
    0.37,
    0.39666666666666667,
    0.39666666666666667,
    0.4033333333333333,
    0.4033333333333333,
    0.4066666666666667,
    0.4066666666666667,
    0.44333333333333336,
    0.44333333333333336,
    0.44666666666666666,
    0.44666666666666666,
    0.45,
    0.45,
    0.4766666666666667,
    0.48333333333333334,
    0.49,
    0.49,
    0.49666666666666665,
    0.5066666666666667,
    0.52,
    0.5233333333333333,
    0.5233333333333333,
    0.5566666666666666,
    0.5566666666666666,
    0.58,
    0.58,
    0.5866666666666667,
    0.5866666666666667,
    0.59,
    0.59,
    0.6033333333333334,
    0.6033333333333334,
    0.61,
    0.61,
    0.6166666666666667,
    0.6166666666666667,
    0.6366666666666667,
    0.6366666666666667,
    0.6533333333333333,
    0.6666666666666666,
    0.6666666666666666,
    0.6733333333333333,
    0.6766666666666666,
    0.6766666666666666,
    0.7,
    0.7033333333333334,
    0.7133333333333334,
    0.7166666666666667,
    0.7233333333333334,
    0.73,
    0.74,
    0.7433333333333333,
    0.7433333333333333,
    0.7533333333333333,
    0.7533333333333333,
    0.76,
    0.76,
    0.7633333333333333,
    0.77,
    0.7766666666666666,
    0.78,
    0.8033333333333333,
    0.8033333333333333,
    0.8066666666666666,
    0.8133333333333334,
    0.8166666666666667,
    0.8266666666666667,
    0.83,
    0.8366666666666667,
    0.85,
    0.85,
    0.8533333333333334,
    0.8533333333333334,
    0.8566666666666667,
    0.8633333333333333,
    0.8666666666666667,
    0.8666666666666667,
    0.9,
    0.9066666666666666,
    0.9133333333333333,
    0.9166666666666666,
    0.9266666666666666,
    0.9266666666666666,
    0.9566666666666667,
    0.9566666666666667,
    0.97,
    0.97,
    0.98,
    0.9866666666666667,
    1.0
  ],