{
  "model_name": "knn SMU (skew raw)",
  "training_time_seconds": 56.59098696708679,
  "fpr": [
    0.0,
    0.00032013171133266256,
    0.0005640415866337388,
    0.0008384401963474497,
    0.004451355224244642,
    0.007927070947284977,
    0.010488124637946279,
    0.01388761852495503,
    0.015457788347205707,
    0.0910241165889204,
    0.09328028293545534,
    0.09532302814110186,
    0.1351870483856215,
    0.153998597518217,
    0.18052379645720906,
    0.20377145644684289,
    1.0
  ],
  "tpr": [
    0.0,
    0.0,
    0.0,
    0.0,
    0.0,
    0.07092198581560284,
    0.0851063829787234,
    0.09929078014184398,
    0.12056737588652482,
    0.19148936170212766,
    0.19858156028368795,
    0.19858156028368795,
    0.2198581560283688,
    0.45390070921985815,
    0.45390070921985815,
    0.5319148936170213,
    1.0
  ],
  "auc": 0.6614987721256853,
  "log_loss": 0.031014641746878624,
  "train_metrics": {
    "split": "train",
    "precision": 1.0,
    "recall": 0.8729038721198659,
    "f1": 0.9321395348837209,
    "accuracy": 0.9706704191376018,
    "confusion_matrix": [
      [
        153062,
        0
      ],
      [
        5836,
        40082
      ]
    ]
  },
  "test_metrics": {
    "split": "test",
    "precision": 0.0,
    "recall": 0.0,
    "f1": 0.0,
    "accuracy": 0.9978551544745129,
    "confusion_matrix": [
      [
        65598,
        0
      ],
      [
        141,
        0
      ]
    ]
  }
}