{
  "model_name": "CVQBoost (lg)",
  "training_time_seconds": 7.9487268924713135,
  "fpr": [
    0.0,
    0.0,
    0.0,
    0.005319148936170213,
    0.005319148936170213,
    0.010638297872340425,
    0.010638297872340425,
    0.010638297872340425,
    0.010638297872340425,
    0.010638297872340425,
    0.010638297872340425,
    0.010638297872340425,
    0.010638297872340425,
    0.010638297872340425,
    0.010638297872340425,
    0.02127659574468085,
    0.02127659574468085,
    0.02127659574468085,
    0.05319148936170213,
    0.05319148936170213,
    0.05319148936170213,
    0.05319148936170213,
    0.06914893617021277,
    0.07446808510638298,
    0.07446808510638298,
    0.07446808510638298,
    0.0797872340425532,
    1.0
  ],
  "tpr": [
    0.0,
    0.009433962264150943,
    0.02830188679245283,
    0.02830188679245283,
    0.05660377358490566,
    0.0660377358490566,
    0.16037735849056603,
    0.1792452830188679,
    0.19811320754716982,
    0.2169811320754717,
    0.22641509433962265,
    0.24528301886792453,
    0.25471698113207547,
    0.27358490566037735,
    0.3113207547169811,
    0.32075471698113206,
    0.3490566037735849,
    0.36792452830188677,
    0.3867924528301887,
    0.4056603773584906,
    0.44339622641509435,
    0.46226415094339623,
    0.5,
    0.5188679245283019,
    0.5471698113207547,
    0.5660377358490566,
    0.5660377358490566,
    1.0
  ],
  "auc": 0.7498243677238057,
  "log_loss": 2.7850558757781982,
  "train_metrics": {
    "split": "train",
    "precision": 0.8345864661654135,
    "recall": 0.30578512396694213,
    "f1": 0.4475806451612903,
    "accuracy": 0.7668085106382979,
    "confusion_matrix": [
      [
        790,
        22
      ],
      [
        252,
        111
      ]
    ]
  },
  "test_metrics": {
    "split": "test",
    "precision": 0.9,
    "recall": 0.33962264150943394,
    "f1": 0.4931506849315068,
    "accuracy": 0.7482993197278912,
    "confusion_matrix": [
      [
        184,
        4
      ],
      [
        70,
        36
      ]
    ]
  }
}