{
  "model_name": "xgb SMU (balanced 1k)",
  "training_time_seconds": 652.2253532409668,
  "fpr": [
    0.0,
    0.0,
    0.0,
    0.0033333333333333335,
    0.0033333333333333335,
    0.006666666666666667,
    0.006666666666666667,
    0.01,
    0.01,
    0.013333333333333334,
    0.013333333333333334,
    0.016666666666666666,
    0.016666666666666666,
    0.02,
    0.02,
    0.023333333333333334,
    0.023333333333333334,
    0.02666666666666667,
    0.02666666666666667,
    0.03,
    0.03,
    0.03666666666666667,
    0.03666666666666667,
    0.04,
    0.04,
    0.043333333333333335,
    0.043333333333333335,
    0.04666666666666667,
    0.04666666666666667,
    0.05333333333333334,
    0.05333333333333334,
    0.056666666666666664,
    0.056666666666666664,
    0.06333333333333334,
    0.06333333333333334,
    0.07,
    0.07,
    0.1,
    0.1,
    0.10666666666666667,
    0.10666666666666667,
    0.11,
    0.11,
    0.11333333333333333,
    0.11333333333333333,
    0.12666666666666668,
    0.12666666666666668,
    0.15333333333333332,
    0.15333333333333332,
    0.15666666666666668,
    0.15666666666666668,
    0.17,
    0.17,
    0.17333333333333334,
    0.17333333333333334,
    0.18,
    0.18,
    0.18666666666666668,
    0.18666666666666668,
    0.19333333333333333,
    0.19333333333333333,
    0.19666666666666666,
    0.19666666666666666,
    0.2,
    0.2,
    0.21333333333333335,
    0.21333333333333335,
    0.22666666666666666,
    0.22666666666666666,
    0.23333333333333334,
    0.23333333333333334,
    0.23666666666666666,
    0.23666666666666666,
    0.24,
    0.24,
    0.25666666666666665,
    0.25666666666666665,
    0.2633333333333333,
    0.2633333333333333,
    0.27666666666666667,
    0.27666666666666667,
    0.29,
    0.29,
    0.3,
    0.3,
    0.30666666666666664,
    0.30666666666666664,
    0.31333333333333335,
    0.31333333333333335,
    0.36,
    0.36,
    0.36333333333333334,
    0.36333333333333334,
    0.3933333333333333,
    0.3933333333333333,
    0.4,
    0.4,
    0.41,
    0.41,
    0.4166666666666667,
    0.4166666666666667,
    0.43,
    0.43,
    0.43666666666666665,
    0.43666666666666665,
    0.45,
    0.45,
    0.4533333333333333,
    0.4533333333333333,
    0.45666666666666667,
    0.45666666666666667,
    0.48333333333333334,
    0.48333333333333334,
    0.51,
    0.51,
    0.5333333333333333,
    0.5333333333333333,
    0.54,
    0.54,
    0.5533333333333333,
    0.5533333333333333,
    0.5566666666666666,
    0.5566666666666666,
    0.63,
    0.63,
    0.6466666666666666,
    0.6466666666666666,
    0.6533333333333333,
    0.6533333333333333,
    0.6866666666666666,
    0.6866666666666666,
    0.7166666666666667,
    0.7166666666666667,
    0.7433333333333333,
    0.7433333333333333,
    0.7466666666666667,
    0.7466666666666667,
    0.7933333333333333,
    0.7933333333333333,
    0.8333333333333334,
    0.8333333333333334,
    0.8566666666666667,
    0.8566666666666667,
    0.8766666666666667,
    0.8766666666666667,
    0.8833333333333333,
    0.8833333333333333,
    0.92,
    0.92,
    0.9333333333333333,
    0.9333333333333333,
    0.97,
    0.97,
    0.9733333333333334,
    0.9733333333333334,
    0.9866666666666667,
    0.9866666666666667,
    1.0
  ],
  "tpr": [
    0.0,
    0.0070921985815602835,
    0.02127659574468085,
    0.02127659574468085,
    0.04964539007092199,
    0.04964539007092199,
    0.05673758865248227,
    0.05673758865248227,
    0.1276595744680851,
    0.1276595744680851,
    0.14893617021276595,
    0.14893617021276595,
    0.2127659574468085,
    0.2127659574468085,
    0.2553191489361702,
    0.2553191489361702,
    0.2695035460992908,
    0.2695035460992908,
    0.2765957446808511,
    0.2765957446808511,
    0.3049645390070922,
    0.3049645390070922,
    0.3120567375886525,
    0.3120567375886525,
    0.3617021276595745,
    0.3617021276595745,
    0.36879432624113473,
    0.36879432624113473,
    0.375886524822695,
    0.375886524822695,
    0.3829787234042553,
    0.3829787234042553,
    0.3971631205673759,
    0.3971631205673759,
    0.41843971631205673,
    0.41843971631205673,
    0.4397163120567376,
    0.4397163120567376,
    0.44680851063829785,
    0.44680851063829785,
    0.46099290780141844,
    0.46099290780141844,
    0.46808510638297873,
    0.46808510638297873,
    0.475177304964539,
    0.475177304964539,
    0.48226950354609927,
    0.48226950354609927,
    0.49645390070921985,
    0.49645390070921985,
    0.5106382978723404,
    0.5106382978723404,
    0.5177304964539007,
    0.5177304964539007,
    0.5319148936170213,
    0.5319148936170213,
    0.5460992907801419,
    0.5460992907801419,
    0.5531914893617021,
    0.5531914893617021,
    0.5602836879432624,
    0.5602836879432624,
    0.574468085106383,
    0.574468085106383,
    0.5815602836879432,
    0.5815602836879432,
    0.5886524822695035,
    0.5886524822695035,
    0.5957446808510638,
    0.5957446808510638,
    0.6028368794326241,
    0.6028368794326241,
    0.6170212765957447,
    0.6170212765957447,
    0.6312056737588653,
    0.6312056737588653,
    0.6382978723404256,
    0.6382978723404256,
    0.6524822695035462,
    0.6524822695035462,
    0.6666666666666666,
    0.6666666666666666,
    0.6737588652482269,
    0.6737588652482269,
    0.6808510638297872,
    0.6808510638297872,
    0.6950354609929078,
    0.6950354609929078,
    0.7092198581560284,
    0.7092198581560284,
    0.7163120567375887,
    0.7163120567375887,
    0.723404255319149,
    0.723404255319149,
    0.7375886524822695,
    0.7375886524822695,
    0.75177304964539,
    0.75177304964539,
    0.7588652482269503,
    0.7588652482269503,
    0.7659574468085106,
    0.7659574468085106,
    0.7943262411347518,
    0.7943262411347518,
    0.8014184397163121,
    0.8014184397163121,
    0.8085106382978723,
    0.8085106382978723,
    0.8156028368794326,
    0.8156028368794326,
    0.8226950354609929,
    0.8226950354609929,
    0.8297872340425532,
    0.8297872340425532,
    0.8439716312056738,
    0.8439716312056738,
    0.851063829787234,
    0.851063829787234,
    0.8581560283687943,
    0.8581560283687943,
    0.8652482269503546,
    0.8652482269503546,
    0.8723404255319149,
    0.8723404255319149,
    0.8794326241134752,
    0.8794326241134752,
    0.8865248226950354,
    0.8865248226950354,
    0.8936170212765957,
    0.8936170212765957,
    0.900709219858156,
    0.900709219858156,
    0.9148936170212766,
    0.9148936170212766,
    0.9219858156028369,
    0.9219858156028369,
    0.9290780141843972,
    0.9290780141843972,
    0.9361702127659575,
    0.9361702127659575,
    0.9432624113475178,
    0.9432624113475178,
    0.950354609929078,
    0.950354609929078,
    0.9574468085106383,
    0.9574468085106383,
    0.9645390070921985,
    0.9645390070921985,
    0.9716312056737588,
    0.9716312056737588,
    0.9787234042553191,
    0.9787234042553191,
    0.9858156028368794,
    0.9858156028368794,
    0.9929078014184397,
    0.9929078014184397,
    1.0,
    1.0
  ],
  "auc": 0.7558156028368794,
  "log_loss": 0.5372956395149231,
  "train_metrics": {
    "split": "train",
    "precision": 0.9339285714285714,
    "recall": 0.7471428571428571,
    "f1": 0.8301587301587302,
    "accuracy": 0.8471428571428572,
    "confusion_matrix": [
      [
        663,
        37
      ],
      [
        177,
        523
      ]
    ]
  },
  "test_metrics": {
    "split": "test",
    "precision": 0.7375,
    "recall": 0.41843971631205673,
    "f1": 0.5339366515837104,
    "accuracy": 0.7664399092970522,