{
  "model_name": "XGBoost",
  "training_time_seconds": 0.5637795925140381,
  "fpr": [
    0.0,
    0.0,
    0.0,
    0.004830917874396135,
    0.004830917874396135,
    0.00966183574879227,
    0.00966183574879227,
    0.014492753623188406,
    0.014492753623188406,
    0.01932367149758454,
    0.01932367149758454,
    0.033816425120772944,
    0.033816425120772944,
    0.043478260869565216,
    0.043478260869565216,
    0.057971014492753624,
    0.057971014492753624,
    0.06280193236714976,
    0.06280193236714976,
    0.07246376811594203,
    0.07246376811594203,
    0.0821256038647343,
    0.0821256038647343,
    0.08695652173913043,
    0.08695652173913043,
    0.10144927536231885,
    0.10144927536231885,
    0.10628019323671498,
    0.10628019323671498,
    0.1111111111111111,
    0.1111111111111111,
    0.14009661835748793,
    0.14009661835748793,
    0.14492753623188406,
    0.14492753623188406,
    0.1497584541062802,
    0.1497584541062802,
    0.15458937198067632,
    0.15458937198067632,
    0.15942028985507245,
    0.15942028985507245,
    0.1642512077294686,
    0.1642512077294686,
    0.16908212560386474,
    0.16908212560386474,
    0.17391304347826086,
    0.17391304347826086,
    0.178743961352657,
    0.178743961352657,
    0.18357487922705315,
    0.18357487922705315,
    0.18840579710144928,
    0.18840579710144928,
    0.1932367149758454,
    0.1932367149758454,
    0.20772946859903382,
    0.20772946859903382,
    0.2222222222222222,
    0.2222222222222222,
    0.22705314009661837,
    0.22705314009661837,
    0.2318840579710145,
    0.2318840579710145,
    0.23671497584541062,
    0.23671497584541062,
    0.25120772946859904,
    0.25120772946859904,
    0.25120772946859904,
    0.26570048309178745,
    0.26570048309178745,
    0.27053140096618356,
    0.27053140096618356,
    0.2753623188405797,
    0.2753623188405797,
    0.30917874396135264,
    0.30917874396135264,
    0.3140096618357488,
    0.3140096618357488,
    0.3188405797101449,
    0.3188405797101449,
    0.3285024154589372,
    0.3285024154589372,
    0.34299516908212563,
    0.34299516908212563,
    0.36231884057971014,
    0.36231884057971014,
    0.3671497584541063,
    0.3671497584541063,
    0.3719806763285024,
    0.3719806763285024,
    0.38164251207729466,
    0.38164251207729466,
    0.391304347826087,
    0.391304347826087,
    0.40096618357487923,
    0.40096618357487923,
    0.4057971014492754,
    0.4057971014492754,
    0.41545893719806765,
    0.41545893719806765,
    0.42028985507246375,
    0.42028985507246375,
    0.4396135265700483,
    0.4396135265700483,
    0.4444444444444444,
    0.4444444444444444,
    0.45410628019323673,
    0.45410628019323673,
    0.45893719806763283,
    0.45893719806763283,
    0.463768115942029,
    0.463768115942029,
    0.47342995169082125,
    0.47342995169082125,
    0.4782608695652174,
    0.4782608695652174,
    0.4927536231884058,
    0.4927536231884058,
    0.4975845410628019,
    0.4975845410628019,
    0.5120772946859904,
    0.5120772946859904,
    0.5169082125603864,
    0.5169082125603864,
    0.5362318840579711,
    0.5362318840579711,
    0.5410628019323671,
    0.5410628019323671,
    0.5748792270531401,
    0.5748792270531401,
    0.5845410628019324,
    0.5845410628019324,
    0.5893719806763285,
    0.5893719806763285,
    0.6086956521739131,
    0.6086956521739131,
    0.6183574879227053,
    0.6183574879227053,
    0.642512077294686,
    0.642512077294686,
    0.6570048309178744,
    0.6570048309178744,
    0.6666666666666666,
    0.6666666666666666,
    0.6908212560386473,
    0.6908212560386473,
    0.7342995169082126,
    0.7342995169082126,
    0.7391304347826086,
    0.7391304347826086,
    0.7681159420289855,
    0.7681159420289855,
    0.8019323671497585,
    0.8019323671497585,
    0.8599033816425121,
    0.8695652173913043,
    0.8743961352657005,
    0.8743961352657005,
    0.893719806763285,
    0.893719806763285,
    0.9420289855072463,
    0.9420289855072463,
    0.9516908212560387,
    0.9516908212560387,
    0.961352657004831,
    0.961352657004831,
    0.9903381642512077,
    0.9903381642512077,
    0.9951690821256038,
    0.9951690821256038,
    1.0
  ],